<?xml version="1.0" encoding="utf-8"?>
<feed xmlns="http://www.w3.org/2005/Atom"
    xmlns:rdf="http://www.w3.org/1999/02/22-rdf-syntax-ns#"
    xmlns:leap2="http://terms.leapspecs.org/"
    xmlns:categories="http://wiki.leapspecs.org/2A/categories/"
    xmlns:portfolio="https://eportfolio.u-pec.fr/export/leap/3586/1664264860/"
    xmlns:mahara="http://wiki.mahara.org/Developer_Area/Import%2F%2FExport/LEAP_Extensions#"
>
    <leap2:version>http://www.leapspecs.org/2010-07/2A/</leap2:version>
    <id>https://eportfolio.u-pec.fr/export/3586/1664264860</id>
    <title>Mahara Leap2A Export for Shaista SHEMIR ABDALLAH, 27/09/2022 09:47</title>
    <updated>2022-09-27T09:09:40+02:00</updated>
    <generator uri="https://mahara.org/" version="2008122400">Mahara</generator>
    <author>
        <name>Shaista SHEMIR ABDALLAH</name>
        <email>shaista.shemir-abdallah@etu.u-pec.fr</email>
        <uri>portfolio:artefactinternal</uri>
    </author>

    <entry>
        <title>Profile page</title>
        <id>portfolio:view30781</id>

        <updated>2022-09-20T17:05:05+02:00</updated>
        <published>2022-09-20T16:04:05+02:00</published>

        <summary type="xhtml"><div xmlns="http://www.w3.org/1999/xhtml"><div>Your profile page is what others see when they click on your name or profile picture.</div></div></summary>

   <subtitle type="xhtml"><div xmlns="http://www.w3.org/1999/xhtml"><div></div></div></subtitle>
        <content type="xhtml"><div xmlns="http://www.w3.org/1999/xhtml"><div><div id="user_block_131938"><div class="bt-profileinfo gridstackblock card card-secondary card-regular clearfix" id="user_blockinstance_131938">
    
    
    
        <h2 class="title card-header js-heading">
            

            <span class="collapse-inline">
                About me
                
            </span>

            

        </h2>
    

    <div class="block" id="user_blockinstance_131938_target">
        
        
            
    
    <div class="card-body flush">
    
    
    
        <p>Ce n'est pas en dormant qu'on pourra réaliser des choses.</p>
    
    
        <ul class="unstyled profile-info">
        
            <li><strong>Prénom:</strong> Shaista</li>
        
            <li><strong>Nom:</strong> SHEMIR ABDALLAH</li>
        
        </ul>
    
    
    
    
    </div>
    


        
    </div>
</div>
</div><div id="user_block_131940"><div class="bt-myfriends gridstackblock card card-secondary clearfix" id="user_blockinstance_131940">
    
    
    
        <h2 class="title card-header js-heading">
            

            <span class="collapse-inline">
                Mes contacts
                
            </span>

            

        </h2>
    

    <div class="block" id="user_blockinstance_131940_target">
        
        
            <div class="friends card-body">

    <div id="user_userfriendstable">
       <div class="js-masonry user-thumbnails">

    
        <a href="https://eportfolio.u-pec.fr/user/view.php?id=3582" class="item user-icon metadata user-icon-100 d0">
            <img src="https://eportfolio.u-pec.fr/theme/raw/images/no_userphoto.png" alt="Image du profil de Hervensson Casimir" height="100" />
            </a><p class="member-name"><a href="https://eportfolio.u-pec.fr/user/view.php?id=3582" class="item user-icon metadata user-icon-100 d0">Hervensson Casimir</a></p><a href="https://eportfolio.u-pec.fr/user/view.php?id=3582" class="item user-icon metadata user-icon-100 d0">
        </a>
    
        <a href="https://eportfolio.u-pec.fr/user/view.php?id=2992" class="item user-icon metadata user-icon-100 d1">
            <img src="https://eportfolio.u-pec.fr/thumb.php?type=profileiconbyid&amp;maxwidth=100&amp;maxheight=100&amp;id=64348" alt="Image du profil de Rayane Ligali" height="100" />
            </a><p class="member-name"><a href="https://eportfolio.u-pec.fr/user/view.php?id=2992" class="item user-icon metadata user-icon-100 d1">Rayane Ligali</a></p><a href="https://eportfolio.u-pec.fr/user/view.php?id=2992" class="item user-icon metadata user-icon-100 d1">
        </a>
    

</div>

    </div>
    <div id="user_myfriends_page_container" class="d-none">
        
    </div>
    

</div>

        
    </div>
</div>
</div><div id="user_block_131941"><div class="bt-wall gridstackblock card card-secondary clearfix" id="user_blockinstance_131941">
    
    
    
        <h2 class="title card-header js-heading">
            

            <span class="collapse-inline">
                Mur
                
            </span>

            

        </h2>
    

    <div class="block" id="user_blockinstance_131941_target">
        
        
            
<div class="form-group requiredmarkerdesc d-none">Les rubriques avec un « * » doivent être saisies.</div><div id="user_wallpost_131941_postsizelimit_container" class="metadata html form-group">Au maximum 1500 caractères par message.</div>
<div id="user_wallpost_131941_text_container" class="html required wysiwyg form-group">Envoyer <span class="requiredmarker">*</span></div>
<div id="user_wallpost_131941_private_container" class="switchbox form-group">Rendre votre message privé ?<div class="form-switch">
    <div class="switch">
        

        
            <span class="switch-inner"></span>
            <span class="switch-indicator"></span>
            <span class="state-label on">Oui</span>
            <span class="state-label off">Non</span>
        
    </div>
    
</div>
</div>
<div id="user_wallpost_131941_submit_container" class="primary submit form-group"></div>






<div id="user_wall" class="wall list-group list-group-lite list-group-top-border">
    
    
        
            <div class="list-group-item list-group-item-private wallpost">
                <div class="usericon-heading flex-row">
                    <div class="flex-title flex-row">
                        <span class="user-icon user-icon-30 float-left">
                            <a href="https://eportfolio.u-pec.fr/user/view.php?id=3586"><img src="https://eportfolio.u-pec.fr/theme/raw/images/no_userphoto30.png" alt="Image du profil de Shaista Shemir Abdallah" /></a>
                        </span>
                        <div class="flex-title"><h3 class="list-group-item-heading text-inline"><a href="https://eportfolio.u-pec.fr/user/view.php?id=3586">Shaista Shemir Abdallah</a><br /><span class="postedon text-small text-midtone">20 September 2022, 17:32</span></h3></div>
                    </div>
                    
                    <div class="flex-controls">
                        <div class="btn-group btn-group-top comment-item-buttons">
                            <a href="https://eportfolio.u-pec.fr/blocktype/wall/deletepost.php?postid=612&amp;return=profile" class="btn btn-secondary btn-sm btn-group-item form-as-button float-left">
                                <span class="icon icon-trash-alt text-danger"></span>
                                <span class="sr-only">Supprimer message</span>
                            </a>
                        </div>
                    </div>
                    
                </div>

                <div class="wallpost-text push-left-for-usericon">
                    <p>yo</p>
                    <div class="metadata">
                    <em class="privatemessage">Ce message sur le mur est privé</em>
                    </div>
                </div>

            </div>
        
    
</div>

    <a href="https://eportfolio.u-pec.fr/blocktype/wall/wall.php?id=131941" class="detail-link link-blocktype"><span class="icon icon-arrow-circle-right"></span> Voir tout le mur</a>


        
    </div>
</div>
</div><div id="user_block_131942"><div class="bt-myviews gridstackblock card card-secondary clearfix" id="user_blockinstance_131942">
    
    
    
        <h2 class="title card-header js-heading">
            

            <span class="collapse-inline">
                Mes portfolios
                
            </span>

            

        </h2>
    

    <div class="block" id="user_blockinstance_131942_target">
        
        
            
    <div class="list-group">
        <div id="user_myviewlist">
            
    <div class="list-group-item flush">
        <h3 class="title list-group-item-heading text-inline">
            <a href="https://eportfolio.u-pec.fr/view/view.php?id=30814">Découverte de Mahara</a>
        </h3>

        

        
        <div class="list-group-item-text text-small">
            Mes premiers pas sur Mahara en saé 14
        </div>
        

        
    </div>

    <div class="list-group-item flush">
        <h3 class="title list-group-item-heading text-inline">
            <a href="https://eportfolio.u-pec.fr/view/view.php?id=31122">TP SAE14</a>
        </h3>

        

        

        
    </div>

    <div class="list-group-item flush">
        <h3 class="title list-group-item-heading text-inline">
            <a href="https://eportfolio.u-pec.fr/view/view.php?id=30820">Untitled</a>
        </h3>

        

        

        
    </div>


        </div>
    
        <div id="user_myviews_page_container" class="d-none"><div id="user_myviews_pagination" class="pagination-wrapper center"><div class="lead text-small results float-right">3 résultats</div></div></div>
    
    
    
    
    </div>


        
    </div>
</div>
</div><div id="user_block_131939"><div class="bt-mygroups gridstackblock card card-secondary clearfix" id="user_blockinstance_131939">
    
    
    
        <h2 class="title card-header js-heading">
            

            <span class="collapse-inline">
                Mes groupes
                
            </span>

            

        </h2>
    

    <div class="block" id="user_blockinstance_131939_target">
        
        
            
    <div class="card-body">
        <p class="no-results-small">Affilié à aucun groupe</p>
    </div>


        
    </div>
</div>
</div></div></div></content>
        <rdf:type rdf:resource="leap2:selection"/>

        <link rel="leap2:has_part" href="portfolio:artefact86352"/>
        <link rel="leap2:has_part" href="portfolio:artefact86353"/>


        <category term="Webpage" scheme="categories:selection_type#"/>





        <mahara:view mahara:newlayout="1" mahara:type="profile" mahara:ownerformat="6">
        
            
            <mahara:blockinstance mahara:blocktype="profileinfo" mahara:blocktitle="About me" mahara:positionx="0" mahara:positiony="0" mahara:height="12" mahara:width="6">
                
                    
                    <mahara:fields>[[&quot;firstname&quot;,&quot;lastname&quot;]]</mahara:fields>
                    
                
                    
                    <mahara:introtext>[&quot;&lt;p&gt;Ce n&#039;est pas en dormant qu&#039;on pourra r&amp;eacute;aliser des choses.&lt;\/p&gt;&quot;]</mahara:introtext>
                    
                
                
                
            </mahara:blockinstance>
            
            <mahara:blockinstance mahara:blocktype="myfriends" mahara:blocktitle="" mahara:positionx="6" mahara:positiony="0" mahara:height="9" mahara:width="6">
                
                
                
            </mahara:blockinstance>
            
            <mahara:blockinstance mahara:blocktype="wall" mahara:blocktitle="" mahara:positionx="6" mahara:positiony="9" mahara:height="12" mahara:width="6">
                
                
                
            </mahara:blockinstance>
            
            <mahara:blockinstance mahara:blocktype="myviews" mahara:blocktitle="" mahara:positionx="0" mahara:positiony="12" mahara:height="16" mahara:width="6">
                
                
                
            </mahara:blockinstance>
            
            <mahara:blockinstance mahara:blocktype="mygroups" mahara:blocktitle="" mahara:positionx="0" mahara:positiony="28" mahara:height="12" mahara:width="6">
                
                
                
            </mahara:blockinstance>
            
        
        </mahara:view>
    </entry>

    <entry>
        <title>Dashboard page</title>
        <id>portfolio:view30782</id>

        <updated>2022-09-26T15:03:41+02:00</updated>
        <published>2022-09-20T16:04:05+02:00</published>

        <summary type="xhtml"><div xmlns="http://www.w3.org/1999/xhtml"><div></div></div></summary>

   <subtitle type="xhtml"><div xmlns="http://www.w3.org/1999/xhtml"><div></div></div></subtitle>
        <content type="xhtml"><div xmlns="http://www.w3.org/1999/xhtml"><div><div id="user_block_133493"><div class="bt-image gridstackblock card card-secondary clearfix" id="user_blockinstance_133493">
    
        <div class="block-header d-none">
    
        <a class="commentlink" href="#" title="">
        
            
                <span class="icon icon-plus" title="Commentaires et les détails"></span>
                Ajouter un commentaire
                <span class="bh-margin-left icon icon-search-plus"></span>
                Détails
            
        
        </a>
    
</div>

    
    
    
        <h2 class="title card-header js-heading">
            

            <span class="collapse-inline">
                Bienvenue dans mon portfolio
                
            </span>

            

        </h2>
    

    <div class="block" id="user_blockinstance_133493_target">
        
        
            <div class="imageblock card-body">
    <div class="image">
        
        <a class="modal_link" href="#">
            <img rel="leap2:has_part" href="portfolio:artefact87544" alt="steam_neon_welcome_sign_by_flashplex_dbww4cr-fullview.jpg" title="steam_neon_welcome_sign_by_flashplex_dbww4cr-fullview.jpg" />
        </a>
        
    </div>

    
</div>

        
    </div>
</div>
</div><div id="user_block_133455"><div class="bt-text gridstackblock card card-secondary clearfix" id="user_blockinstance_133455">
    
    
        <div class="block-header quick-edit d-none">
    <a class="modal_link list-group-heading" href="#" title="Édition rapide">
        <span class="icon icon-pencil-alt" title="Édition rapide"></span>
        Édition rapide
    </a>
</div>

    
    
        <h2 class="title card-header js-heading">
            

            <span class="collapse-inline">
                Présentation
                
            </span>

            

        </h2>
    

    <div class="block" id="user_blockinstance_133455_target">
        
        
            

<div class="textblock card-body flush">
<p>Bonjour, bienvenue dans mon tableau de bord, je suis Shaista Shemir, j'ai <strong>18 </strong>ans, j'ai fais un <strong>bac générale</strong>, <em>mathématiques et physique-chimie</em>, et je suis étudiante en première année de <strong>BUT en Réseaux et Télécommunications</strong>, à l'IUT de Créteil-Vitry.</p>
</div>


        
    </div>
</div>
</div><div id="user_block_133483"><div class="bt-placeholder gridstackblock card card-secondary clearfix" id="user_blockinstance_133483">
    
    
    
        <h2 class="title card-header js-heading">
            

            <span class="collapse-inline">
                CV vidéo
                
            </span>

            

        </h2>
    

    <div class="block" id="user_blockinstance_133483_target">
        
        
            <p class="content-text lead">Veuillez configurer le bloc pour déterminer quel type de bloc est accepté ici.</p>
        
    </div>
</div>
</div><div id="user_block_133497"><div class="bt-profileinfo gridstackblock card card-secondary card-regular clearfix" id="user_blockinstance_133497">
    
    
    
        <h2 class="title card-header js-heading">
            

            <span class="collapse-inline">
                Me contacter
                
            </span>

            

        </h2>
    

    <div class="block" id="user_blockinstance_133497_target">
        
        
            
    
    <div class="card-body flush">
    
    
    
    
        <ul class="unstyled profile-info">
        
            <li><strong>Adresse de courriel:</strong> <a href="mailto:shaista.shemir-abdallah@etu.u-pec.fr">shaista.shemir-abdallah@etu.u-pec.fr</a></li>
        
        </ul>
    
    
    
    
    </div>
    


        
    </div>
</div>
</div><div id="user_block_133484"><div class="bt-text gridstackblock card card-secondary clearfix" id="user_blockinstance_133484">
    
    
        <div class="block-header quick-edit d-none">
    <a class="modal_link list-group-heading" href="#" title="Édition rapide">
        <span class="icon icon-pencil-alt" title="Édition rapide"></span>
        Édition rapide
    </a>
</div>

    
    
        <h2 class="title card-header js-heading">
            

            <span class="collapse-inline">
                Job application
                
            </span>

            

        </h2>
    

    <div class="block" id="user_blockinstance_133484_target">
        
        
            


        
    </div>
</div>
</div><div id="user_block_133501"><div class="bt-entireresume gridstackblock card card-secondary clearfix" id="user_blockinstance_133501">
    
    
    
        <h2 class="title card-header js-heading">
            

            <span class="collapse-inline">
                Mon CV
                
            </span>

            

        </h2>
    

    <div class="block" id="user_blockinstance_133501_target">
        
        
            
<div class="list-group">
    

    
    <div class="list-group-item flush">
        <h3 class="title">Centres d'intérêt</h3>
        
    <div class="card-body flush">
        <p>Voyages (notamment en Malaisie, Kenya, Madagascar, Arabie Saoudite) </p>
<p>Aide au refuge pour animaux</p>
<p>Cuisine de plats exotiques</p>
<p>Nouvelles technologies</p>
<p> </p>
<p> </p>
    </div>


    </div>
    

    

    
    <div class="list-group-item flush">
        <h3 class="title">Informations personnelles</h3>
        <div class="card-body flush">
    <table class="table resumepersonalinfo profile-info">
    
        
        <tr>
            <th>Date de naissance</th>
            <td>21 May 2004</td>
        </tr>
        
    
        
        <tr>
            <th>Lieu de naissance</th>
            <td>Madagascar</td>
        </tr>
        
    
        
        <tr>
            <th>Citoyenneté</th>
            <td>Comorienne</td>
        </tr>
        
    
        
    
        
        <tr>
            <th>Sexe</th>
            <td>Femme</td>
        </tr>
        
    
        
        <tr>
            <th>Etat civil</th>
            <td>Féminin</td>
        </tr>
        
    
    </table>
    
</div>

    </div>
    

    
        <div class="list-group-item flush">
            

            
            <div class="resume-content">
                <h3 class="title">Objectifs académiques</h3>
                <div class="card-body flush">
<p>Mon objectif académique est de réussir ma formation et d'intégrer plus tard une école d'ingénieur dans la cybersécurité</p>


</div>

            </div>
            

            
            <div class="resume-content">
                <h3 class="title">Objectifs de carrière</h3>
                <div class="card-body flush">
<p>Mon objectif dans la vie, c'est de travailler et d'évoluer dans le domaine de la cybersécurité.</p>


</div>

            </div>
            

        </div>
    

    
        <div class="list-group-item flush">
            
            <div class="resume-content">
                <h3 class="title">Compétences personnelles</h3>
                <div class="card-body flush">
<ul>
<li>
<p><span style="font-size:1rem;">Autonome</span></p>
</li>
<li>
<p><span style="font-size:1rem;">Positive</span></p>
</li>
<li><span style="font-size:1rem;">Polyvalente</span></li>
</ul>


</div>

            </div>
            

            

            
            <div class="resume-content">
                <h3 class="title">Compétences professionnelles</h3>
                <div class="card-body flush">
<ul>
<li>
<p>Pack office (WORD, EXCEL, POWERPOINT)</p>
</li>
<li>
<p>Html </p>
</li>
<li>
<p>Python</p>
</li>
</ul>


</div>

            </div>
            
        </div>
    

    
        <div class="list-group-item flush">
            

            
            <div class="resume-content">
                <h3 class="title">Historique de formation</h3>
                

<div id="user_educationhistorylist_bc34" class="list-group list-group-lite list-group-top-border">
    
    <div class="list-group-item flush-collapsible">
        
            <h3 class="list-group-item-heading">
                <a href="#education-content-941" class="text-left collapsed collapsible">
                    BUT réseaux et télécommunications (en cours)  à IUT Créteil-Vitry
                    <span class="icon icon-chevron-down float-right collapse-indicator"></span>
                </a>
            </h3>
        

        <span class="text-small text-muted">
            Septembre 2022
            
        </span>

        <div id="user_education-content-941" class="collapse resume-content">
            
            <p class="content-text">
                </p><p>Etudiante en première année </p>
            
            

            

            
        </div>
    </div>
    
    <div class="list-group-item flush-collapsible">
        
            <h3 class="list-group-item-heading">
                <a href="#education-content-880" class="text-left collapsed collapsible">
                    Baccalauréat générale à Lycée français Henri-Matisse
                    <span class="icon icon-chevron-down float-right collapse-indicator"></span>
                </a>
            </h3>
        

        <span class="text-small text-muted">
            Septembre 2021
             - Juin 2022
        </span>

        <div id="user_education-content-880" class="collapse resume-content">
            
            <p class="content-text">
                </p><p>Spécialités Mathématiques et Physique-Chimie avec mention "assez-bien"</p>
            
            

            

            
        </div>
    </div>
    
</div>


            </div>
            
        </div>
    


    

    

    
</div>


        
    </div>
</div>
</div><div id="user_block_133517"><div class="bt-image gridstackblock card card-secondary clearfix" id="user_blockinstance_133517">
    
        <div class="block-header d-none">
    
        <a class="commentlink" href="#" title="">
        
            
                <span class="icon icon-plus" title="Commentaires et les détails"></span>
                Ajouter un commentaire
                <span class="bh-margin-left icon icon-search-plus"></span>
                Détails
            
        
        </a>
    
</div>

    
    
    
        <h2 class="title card-header js-heading">
            

            <span class="collapse-inline">
                PIX
                
            </span>

            

        </h2>
    

    <div class="block" id="user_blockinstance_133517_target">
        
        
            <div class="imageblock card-body">
    <div class="image">
        
        <a class="modal_link" href="#">
            <img rel="leap2:has_part" href="portfolio:artefact87548" alt="Capture.PNG" title="Capture.PNG" />
        </a>
        
    </div>

    
</div>

        
    </div>
</div>
</div></div></div></content>
        <rdf:type rdf:resource="leap2:selection"/>

        <link rel="leap2:has_part" href="portfolio:artefact87548"/>
        <link rel="leap2:has_part" href="portfolio:artefact87544"/>
        <link rel="leap2:has_part" href="portfolio:artefact86483"/>
        <link rel="leap2:has_part" href="portfolio:artefact86482"/>
        <link rel="leap2:has_part" href="portfolio:artefact87531"/>
        <link rel="leap2:has_part" href="portfolio:artefact87533"/>
        <link rel="leap2:has_part" href="portfolio:artefact87534"/>
        <link rel="leap2:has_part" href="portfolio:artefact87537"/>
        <link rel="leap2:has_part" href="portfolio:artefact87540"/>


        <category term="Webpage" scheme="categories:selection_type#"/>





        <mahara:view mahara:newlayout="1" mahara:type="dashboard" mahara:ownerformat="6">
        
            
            <mahara:blockinstance mahara:blocktype="image" mahara:blocktitle="Bienvenue dans mon portfolio" mahara:positionx="0" mahara:positiony="0" mahara:height="43" mahara:width="12">
                
                    
                    <mahara:artefactid>[&quot;portfolio:artefact87544&quot;]</mahara:artefactid>
                    
                
                    
                    <mahara:showdescription>[false]</mahara:showdescription>
                    
                
                    
                    <mahara:width>[&quot;1170&quot;]</mahara:width>
                    
                
                    
                    <mahara:retractable>[0]</mahara:retractable>
                    
                
                    
                    <mahara:retractedonload>[0]</mahara:retractedonload>
                    
                
                
                
            </mahara:blockinstance>
            
            <mahara:blockinstance mahara:blocktype="text" mahara:blocktitle="Présentation" mahara:positionx="0" mahara:positiony="43" mahara:height="10" mahara:width="12">
                
                    
                    <mahara:text>[&quot;&lt;p&gt;Bonjour, bienvenue dans mon tableau de bord, je suis Shaista Shemir, j&#039;ai &lt;strong&gt;18 &lt;\/strong&gt;ans, j&#039;ai fais un &lt;strong&gt;bac g&amp;eacute;n&amp;eacute;rale&lt;\/strong&gt;, &lt;em&gt;math&amp;eacute;matiques et physique-chimie&lt;\/em&gt;, et je suis &amp;eacute;tudiante en premi&amp;egrave;re ann&amp;eacute;e de &lt;strong&gt;BUT en R&amp;eacute;seaux et T&amp;eacute;l&amp;eacute;communications&lt;\/strong&gt;, &amp;agrave; l&#039;IUT de Cr&amp;eacute;teil-Vitry.&lt;\/p&gt;&quot;]</mahara:text>
                    
                
                    
                    <mahara:instructions></mahara:instructions>
                    
                
                
                
            </mahara:blockinstance>
            
            <mahara:blockinstance mahara:blocktype="placeholder" mahara:blocktitle="CV vidéo" mahara:positionx="0" mahara:positiony="53" mahara:height="10" mahara:width="5">
                
                    
                    <mahara:tags>[null]</mahara:tags>
                    
                
                    
                    <mahara:retractable>[1]</mahara:retractable>
                    
                
                    
                    <mahara:retractedonload>[0]</mahara:retractedonload>
                    
                
                
                
            </mahara:blockinstance>
            
            <mahara:blockinstance mahara:blocktype="profileinfo" mahara:blocktitle="Me contacter" mahara:positionx="0" mahara:positiony="63" mahara:height="10" mahara:width="7">
                
                    
                    <mahara:fields>[[]]</mahara:fields>
                    
                
                    
                    <mahara:email>[&quot;shaista.shemir-abdallah@etu.u-pec.fr&quot;]</mahara:email>
                    
                
                    
                    <mahara:introtext>[&quot;&quot;]</mahara:introtext>
                    
                
                
                
            </mahara:blockinstance>
            
            <mahara:blockinstance mahara:blocktype="text" mahara:blocktitle="Job application" mahara:positionx="0" mahara:positiony="73" mahara:height="5" mahara:width="8">
                
                    
                    <mahara:text></mahara:text>
                    
                
                    
                    <mahara:instructions></mahara:instructions>
                    
                
                
                
            </mahara:blockinstance>
            
            <mahara:blockinstance mahara:blocktype="entireresume" mahara:blocktitle="Mon CV" mahara:positionx="0" mahara:positiony="78" mahara:height="116" mahara:width="12">
                
                    
                    <mahara:tags>[null]</mahara:tags>
                    
                
                    
                    <mahara:retractable>[0]</mahara:retractable>
                    
                
                    
                    <mahara:retractedonload>[0]</mahara:retractedonload>
                    
                
                
                
            </mahara:blockinstance>
            
            <mahara:blockinstance mahara:blocktype="image" mahara:blocktitle="PIX" mahara:positionx="0" mahara:positiony="194" mahara:height="3" mahara:width="4">
                
                    
                    <mahara:artefactid>[&quot;portfolio:artefact87548&quot;]</mahara:artefactid>
                    
                
                    
                    <mahara:showdescription>[false]</mahara:showdescription>
                    
                
                    
                    <mahara:width>[&quot;&quot;]</mahara:width>
                    
                
                    
                    <mahara:retractable>[0]</mahara:retractable>
                    
                
                    
                    <mahara:retractedonload>[0]</mahara:retractedonload>
                    
                
                
                
            </mahara:blockinstance>
            
        
        </mahara:view>
    </entry>

    <entry>
        <title>Découverte de Mahara</title>
        <id>portfolio:view30814</id>

        <updated>2022-09-20T16:04:29+02:00</updated>
        <published>2022-09-20T16:04:17+02:00</published>

        <summary type="xhtml"><div xmlns="http://www.w3.org/1999/xhtml"><div>Mes premiers pas sur Mahara en saé 14</div></div></summary>

   <subtitle type="xhtml"><div xmlns="http://www.w3.org/1999/xhtml"><div></div></div></subtitle>
        <content type="xhtml"><div xmlns="http://www.w3.org/1999/xhtml"><div><div id="user_block_132031"><div class="bt-text gridstackblock card card-secondary clearfix" id="user_blockinstance_132031">
    
    
        <div class="block-header quick-edit d-none">
    <a class="modal_link list-group-heading" href="#" title="Édition rapide">
        <span class="icon icon-pencil-alt" title="Édition rapide"></span>
        Édition rapide
    </a>
</div>

    
    
        <h2 class="title card-header js-heading">
            

            <span class="collapse-inline">
                Présentation
                
            </span>

            

        </h2>
    

    <div class="block" id="user_blockinstance_132031_target">
        
        
            

<div class="textblock card-body flush">
<p>Ceci est mon premier bloc de la page découverte de Mahara.</p>
</div>


        
    </div>
</div>
</div></div></div></content>
        <rdf:type rdf:resource="leap2:selection"/>



        <category term="Webpage" scheme="categories:selection_type#"/>





        <mahara:view mahara:newlayout="1" mahara:type="portfolio" mahara:ownerformat="6">
        
            
            <mahara:blockinstance mahara:blocktype="text" mahara:blocktitle="Présentation" mahara:positionx="0" mahara:positiony="0" mahara:height="10" mahara:width="4">
                
                    
                    <mahara:text>[&quot;&lt;p&gt;Ceci est mon premier bloc de la page d&amp;eacute;couverte de Mahara.&lt;\/p&gt;&quot;]</mahara:text>
                    
                
                    
                    <mahara:instructions></mahara:instructions>
                    
                
                
                
            </mahara:blockinstance>
            
        
        </mahara:view>
    </entry>

    <entry>
        <title>Untitled</title>
        <id>portfolio:view30820</id>

        <updated>2022-09-20T18:06:45+02:00</updated>
        <published>2022-09-20T17:05:28+02:00</published>

        <summary type="xhtml"><div xmlns="http://www.w3.org/1999/xhtml"><div></div></div></summary>

   <subtitle type="xhtml"><div xmlns="http://www.w3.org/1999/xhtml"><div></div></div></subtitle>
        <content type="xhtml"><div xmlns="http://www.w3.org/1999/xhtml"><div></div></div></content>
        <rdf:type rdf:resource="leap2:selection"/>



        <category term="Webpage" scheme="categories:selection_type#"/>





        <mahara:view mahara:newlayout="1" mahara:type="portfolio" mahara:ownerformat="6">
        
            
        
        </mahara:view>
    </entry>

    <entry>
        <title>TP SAE14</title>
        <id>portfolio:view31122</id>

        <updated>2022-09-26T15:03:27+02:00</updated>
        <published>2022-09-26T14:02:16+02:00</published>

        <summary type="xhtml"><div xmlns="http://www.w3.org/1999/xhtml"><div></div></div></summary>

   <subtitle type="xhtml"><div xmlns="http://www.w3.org/1999/xhtml"><div></div></div></subtitle>
        <content type="xhtml"><div xmlns="http://www.w3.org/1999/xhtml"><div><div id="user_block_133504"><div class="bt-image gridstackblock card card-secondary clearfix" id="user_blockinstance_133504">
    
        <div class="block-header d-none">
    
        <a class="commentlink" href="#" title="">
        
            
                <span class="icon icon-plus" title="Commentaires et les détails"></span>
                Ajouter un commentaire
                <span class="bh-margin-left icon icon-search-plus"></span>
                Détails
            
        
        </a>
    
</div>

    
    
    
        <h2 class="title card-header js-heading">
            

            <span class="collapse-inline">
                Bienvenue dans mon portfolio
                
            </span>

            

        </h2>
    

    <div class="block" id="user_blockinstance_133504_target">
        
        
            <div class="imageblock card-body">
    <div class="image">
        
        <a class="modal_link" href="#">
            <img rel="leap2:has_part" href="portfolio:artefact87547" alt="steam_neon_welcome_sign_by_flashplex_dbww4cr-fullview.jpg.1" title="steam_neon_welcome_sign_by_flashplex_dbww4cr-fullview.jpg.1" />
        </a>
        
    </div>

    
</div>

        
    </div>
</div>
</div><div id="user_block_133506"><div class="bt-text gridstackblock card card-secondary clearfix" id="user_blockinstance_133506">
    
    
        <div class="block-header quick-edit d-none">
    <a class="modal_link list-group-heading" href="#" title="Édition rapide">
        <span class="icon icon-pencil-alt" title="Édition rapide"></span>
        Édition rapide
    </a>
</div>

    
    
        <h2 class="title card-header js-heading">
            

            <span class="collapse-inline">
                Présentation
                
            </span>

            

        </h2>
    

    <div class="block" id="user_blockinstance_133506_target">
        
        
            

<div class="textblock card-body flush">
<p>Bonjour, bienvenue dans mon tableau de bord, je suis Shaista Shemir, j'ai <strong>18 </strong>ans, j'ai fais un <strong>bac générale</strong>, <em>mathématiques et physique-chimie</em>, et je suis étudiante en première année de <strong>BUT en Réseaux et Télécommunications</strong>, à l'IUT de Créteil-Vitry.</p>
</div>


        
    </div>
</div>
</div><div id="user_block_133503"><div class="bt-entireresume gridstackblock card card-secondary clearfix" id="user_blockinstance_133503">
    
    
    
        <h2 class="title card-header js-heading">
            

            <span class="collapse-inline">
                Mon CV
                
            </span>

            

        </h2>
    

    <div class="block" id="user_blockinstance_133503_target">
        
        
            
<div class="list-group">
    

    
    <div class="list-group-item flush">
        <h3 class="title">Centres d'intérêt</h3>
        
    <div class="card-body flush">
        <p>Voyages (notamment en Malaisie, Kenya, Madagascar, Arabie Saoudite) </p>
<p>Aide au refuge pour animaux</p>
<p>Cuisine de plats exotiques</p>
<p>Nouvelles technologies</p>
<p> </p>
<p> </p>
    </div>


    </div>
    

    

    
    <div class="list-group-item flush">
        <h3 class="title">Informations personnelles</h3>
        <div class="card-body flush">
    <table class="table resumepersonalinfo profile-info">
    
        
        <tr>
            <th>Date de naissance</th>
            <td>21 May 2004</td>
        </tr>
        
    
        
        <tr>
            <th>Lieu de naissance</th>
            <td>Madagascar</td>
        </tr>
        
    
        
        <tr>
            <th>Citoyenneté</th>
            <td>Comorienne</td>
        </tr>
        
    
        
    
        
        <tr>
            <th>Sexe</th>
            <td>Femme</td>
        </tr>
        
    
        
        <tr>
            <th>Etat civil</th>
            <td>Féminin</td>
        </tr>
        
    
    </table>
    
</div>

    </div>
    

    
        <div class="list-group-item flush">
            

            
            <div class="resume-content">
                <h3 class="title">Objectifs académiques</h3>
                <div class="card-body flush">
<p>Mon objectif académique est de réussir ma formation et d'intégrer plus tard une école d'ingénieur dans la cybersécurité</p>


</div>

            </div>
            

            
            <div class="resume-content">
                <h3 class="title">Objectifs de carrière</h3>
                <div class="card-body flush">
<p>Mon objectif dans la vie, c'est de travailler et d'évoluer dans le domaine de la cybersécurité.</p>


</div>

            </div>
            

        </div>
    

    
        <div class="list-group-item flush">
            
            <div class="resume-content">
                <h3 class="title">Compétences personnelles</h3>
                <div class="card-body flush">
<ul>
<li>
<p><span style="font-size:1rem;">Autonome</span></p>
</li>
<li>
<p><span style="font-size:1rem;">Positive</span></p>
</li>
<li><span style="font-size:1rem;">Polyvalente</span></li>
</ul>


</div>

            </div>
            

            

            
            <div class="resume-content">
                <h3 class="title">Compétences professionnelles</h3>
                <div class="card-body flush">
<ul>
<li>
<p>Pack office (WORD, EXCEL, POWERPOINT)</p>
</li>
<li>
<p>Html </p>
</li>
<li>
<p>Python</p>
</li>
</ul>


</div>

            </div>
            
        </div>
    

    
        <div class="list-group-item flush">
            

            
            <div class="resume-content">
                <h3 class="title">Historique de formation</h3>
                

<div id="user_educationhistorylist_2642" class="list-group list-group-lite list-group-top-border">
    
    <div class="list-group-item flush-collapsible">
        
            <h3 class="list-group-item-heading">
                <a href="#education-content-941" class="text-left collapsed collapsible">
                    BUT réseaux et télécommunications (en cours)  à IUT Créteil-Vitry
                    <span class="icon icon-chevron-down float-right collapse-indicator"></span>
                </a>
            </h3>
        

        <span class="text-small text-muted">
            Septembre 2022
            
        </span>

        <div id="user_education-content-941" class="collapse resume-content">
            
            <p class="content-text">
                </p><p>Etudiante en première année </p>
            
            

            

            
        </div>
    </div>
    
    <div class="list-group-item flush-collapsible">
        
            <h3 class="list-group-item-heading">
                <a href="#education-content-880" class="text-left collapsed collapsible">
                    Baccalauréat générale à Lycée français Henri-Matisse
                    <span class="icon icon-chevron-down float-right collapse-indicator"></span>
                </a>
            </h3>
        

        <span class="text-small text-muted">
            Septembre 2021
             - Juin 2022
        </span>

        <div id="user_education-content-880" class="collapse resume-content">
            
            <p class="content-text">
                </p><p>Spécialités Mathématiques et Physique-Chimie avec mention "assez-bien"</p>
            
            

            

            
        </div>
    </div>
    
</div>


            </div>
            
        </div>
    


    

    

    
</div>


        
    </div>
</div>
</div><div id="user_block_133508"><div class="bt-placeholder gridstackblock card card-secondary clearfix" id="user_blockinstance_133508">
    
    
    
        <h2 class="title card-header js-heading">
            

            <span class="collapse-inline">
                CV vidéo
                
            </span>

            

        </h2>
    

    <div class="block" id="user_blockinstance_133508_target">
        
        
            <p class="content-text lead">Veuillez configurer le bloc pour déterminer quel type de bloc est accepté ici.</p>
        
    </div>
</div>
</div><div id="user_block_133509"><div class="bt-placeholder gridstackblock card card-secondary clearfix" id="user_blockinstance_133509">
    
    
    
        <h2 class="title card-header js-heading">
            

            <span class="collapse-inline">
                Job application
                
            </span>

            

        </h2>
    

    <div class="block" id="user_blockinstance_133509_target">
        
        
            <p class="content-text lead">Veuillez configurer le bloc pour déterminer quel type de bloc est accepté ici.</p>
        
    </div>
</div>
</div></div></div></content>
        <rdf:type rdf:resource="leap2:selection"/>

        <link rel="leap2:has_part" href="portfolio:artefact86483"/>
        <link rel="leap2:has_part" href="portfolio:artefact86482"/>
        <link rel="leap2:has_part" href="portfolio:artefact87531"/>
        <link rel="leap2:has_part" href="portfolio:artefact87533"/>
        <link rel="leap2:has_part" href="portfolio:artefact87534"/>
        <link rel="leap2:has_part" href="portfolio:artefact87537"/>
        <link rel="leap2:has_part" href="portfolio:artefact87540"/>
        <link rel="leap2:has_part" href="portfolio:artefact87547"/>


        <category term="Webpage" scheme="categories:selection_type#"/>





        <mahara:view mahara:newlayout="1" mahara:type="portfolio" mahara:ownerformat="6">
        
            
            <mahara:blockinstance mahara:blocktype="image" mahara:blocktitle="Bienvenue dans mon portfolio" mahara:positionx="0" mahara:positiony="0" mahara:height="40" mahara:width="12">
                
                    
                    <mahara:artefactid>[&quot;portfolio:artefact87547&quot;]</mahara:artefactid>
                    
                
                    
                    <mahara:showdescription>[false]</mahara:showdescription>
                    
                
                    
                    <mahara:width>[&quot;&quot;]</mahara:width>
                    
                
                    
                    <mahara:retractable>[0]</mahara:retractable>
                    
                
                    
                    <mahara:retractedonload>[0]</mahara:retractedonload>
                    
                
                
                
            </mahara:blockinstance>
            
            <mahara:blockinstance mahara:blocktype="text" mahara:blocktitle="Présentation" mahara:positionx="0" mahara:positiony="40" mahara:height="10" mahara:width="12">
                
                    
                    <mahara:text>[&quot;&lt;p&gt;Bonjour, bienvenue dans mon tableau de bord, je suis Shaista Shemir, j&#039;ai&amp;nbsp;&lt;strong&gt;18&amp;nbsp;&lt;\/strong&gt;ans, j&#039;ai fais un&amp;nbsp;&lt;strong&gt;bac g&amp;eacute;n&amp;eacute;rale&lt;\/strong&gt;,&amp;nbsp;&lt;em&gt;math&amp;eacute;matiques et physique-chimie&lt;\/em&gt;, et je suis &amp;eacute;tudiante en premi&amp;egrave;re ann&amp;eacute;e de&amp;nbsp;&lt;strong&gt;BUT en R&amp;eacute;seaux et T&amp;eacute;l&amp;eacute;communications&lt;\/strong&gt;, &amp;agrave; l&#039;IUT de Cr&amp;eacute;teil-Vitry.&lt;\/p&gt;&quot;]</mahara:text>
                    
                
                    
                    <mahara:instructions></mahara:instructions>
                    
                
                
                
            </mahara:blockinstance>
            
            <mahara:blockinstance mahara:blocktype="entireresume" mahara:blocktitle="Mon CV" mahara:positionx="0" mahara:positiony="50" mahara:height="112" mahara:width="12">
                
                    
                    <mahara:tags>[null]</mahara:tags>
                    
                
                    
                    <mahara:retractable>[0]</mahara:retractable>
                    
                
                    
                    <mahara:retractedonload>[0]</mahara:retractedonload>
                    
                
                
                
            </mahara:blockinstance>
            
            <mahara:blockinstance mahara:blocktype="placeholder" mahara:blocktitle="CV vidéo" mahara:positionx="0" mahara:positiony="162" mahara:height="8" mahara:width="12">
                
                    
                    <mahara:tags>[null]</mahara:tags>
                    
                
                    
                    <mahara:retractable>[0]</mahara:retractable>
                    
                
                    
                    <mahara:retractedonload>[0]</mahara:retractedonload>
                    
                
                
                
            </mahara:blockinstance>
            
            <mahara:blockinstance mahara:blocktype="placeholder" mahara:blocktitle="Job application" mahara:positionx="0" mahara:positiony="170" mahara:height="8" mahara:width="12">
                
                    
                    <mahara:tags>[null]</mahara:tags>
                    
                
                    
                    <mahara:retractable>[0]</mahara:retractable>
                    
                
                    
                    <mahara:retractedonload>[0]</mahara:retractedonload>
                    
                
                
                
            </mahara:blockinstance>
            
        
        </mahara:view>
    </entry>

    <entry>
        <title>Journal de Shaista Shemir Abdallah</title>
        <id>portfolio:artefact86356</id>

        <updated>2022-09-20T16:04:05+02:00</updated>
        <published>2022-09-20T16:04:05+02:00</published>




        <content type="xhtml"><div xmlns="http://www.w3.org/1999/xhtml"><div></div></div></content>
        <rdf:type rdf:resource="leap2:selection"/>
        <mahara:artefactplugin mahara:type="blog" mahara:plugin="blog"/>


        <category term="Blog" scheme="categories:selection_type#"/>




    </entry>


    <entry>
        <title>Images de couverture</title>
        <id>portfolio:artefact86406</id>

        <updated>2022-09-20T16:04:17+02:00</updated>
        <published>2022-09-20T16:04:17+02:00</published>




        <content></content>
        <rdf:type rdf:resource="leap2:selection"/>
        <mahara:artefactplugin mahara:type="folder" mahara:plugin="file"/>


        <category term="Folder" scheme="categories:selection_type#"/>




    </entry>


    <entry>
        <title>Historique de formation</title>
        <id>portfolio:artefact86483</id>

        <updated>2022-09-26T14:02:21+02:00</updated>
        <published>2022-09-20T17:05:51+02:00</published>




        <content></content>
        <rdf:type rdf:resource="leap2:selection"/>
        <mahara:artefactplugin mahara:type="educationhistory" mahara:plugin="resume"/>
        <link rel="leap2:has_part" href="portfolio:resumecomposite-86483-child-880" leap2:display_order="2"/>
        <link rel="leap2:has_part" href="portfolio:resumecomposite-86483-child-941" leap2:display_order="1"/>


        <category term="Grouping" scheme="categories:selection_type#"/>




    </entry>


    <entry>
        <title>Baccalauréat générale</title>
        <id>portfolio:resumecomposite-86483-child-880</id>

        <updated>2022-09-26T14:02:21+02:00</updated>





        <content>&lt;p&gt;Sp&amp;eacute;cialit&amp;eacute;s Math&amp;eacute;matiques et Physique-Chimie avec mention &quot;assez-bien&quot;&lt;/p&gt;</content>
        <rdf:type rdf:resource="leap2:activity"/>
        <mahara:artefactplugin mahara:type="pseudo:educationhistory" mahara:plugin="resume"/>
        <link rel="leap2:is_part_of" href="portfolio:artefact86483" leap2:display_order="2"/>
        <link rel="leap2:supported_by" href="portfolio:resumesibling-86483-sibling-880-rel-supports"/>
        <link rel="leap2:supports" href="portfolio:resumesibling-86483-sibling-880-rel-supported_by"/>


        <category term="Education" scheme="categories:life_area#"/>






        <leap2:date leap2:point="start" leap2:label="Septembre 2021"></leap2:date>

        <leap2:date leap2:point="end" leap2:label="Juin 2022"></leap2:date>

    </entry>

    <entry>
        <title>Lycée français Henri-Matisse</title>
        <id>portfolio:resumesibling-86483-sibling-880-rel-supports</id>

        <updated>2022-09-26T14:02:21+02:00</updated>





        <content></content>
        <rdf:type rdf:resource="leap2:organization"/>
        <mahara:artefactplugin mahara:type="pseudo:educationhistory" mahara:plugin="resume"/>
        <link rel="leap2:supports" href="portfolio:resumecomposite-86483-child-880"/>










    </entry>

    <entry>
        <title></title>
        <id>portfolio:resumesibling-86483-sibling-880-rel-supported_by</id>

        <updated>2022-09-26T14:02:21+02:00</updated>





        <content>Baccalauréat générale</content>
        <rdf:type rdf:resource="leap2:achievement"/>
        <mahara:artefactplugin mahara:type="pseudo:educationhistory" mahara:plugin="resume"/>
        <link rel="leap2:supported_by" href="portfolio:resumecomposite-86483-child-880"/>










    </entry>

    <entry>
        <title>BUT réseaux et télécommunications (en cours) </title>
        <id>portfolio:resumecomposite-86483-child-941</id>

        <updated>2022-09-26T14:02:21+02:00</updated>





        <content>&lt;p&gt;Etudiante en premi&amp;egrave;re ann&amp;eacute;e&amp;nbsp;&lt;/p&gt;</content>
        <rdf:type rdf:resource="leap2:activity"/>
        <mahara:artefactplugin mahara:type="pseudo:educationhistory" mahara:plugin="resume"/>
        <link rel="leap2:is_part_of" href="portfolio:artefact86483" leap2:display_order="1"/>
        <link rel="leap2:supported_by" href="portfolio:resumesibling-86483-sibling-941-rel-supports"/>
        <link rel="leap2:supports" href="portfolio:resumesibling-86483-sibling-941-rel-supported_by"/>


        <category term="Education" scheme="categories:life_area#"/>






        <leap2:date leap2:point="start" leap2:label="Septembre 2022"></leap2:date>


    </entry>

    <entry>
        <title>IUT Créteil-Vitry</title>
        <id>portfolio:resumesibling-86483-sibling-941-rel-supports</id>

        <updated>2022-09-26T14:02:21+02:00</updated>





        <content></content>
        <rdf:type rdf:resource="leap2:organization"/>
        <mahara:artefactplugin mahara:type="pseudo:educationhistory" mahara:plugin="resume"/>
        <link rel="leap2:supports" href="portfolio:resumecomposite-86483-child-941"/>










    </entry>

    <entry>
        <title></title>
        <id>portfolio:resumesibling-86483-sibling-941-rel-supported_by</id>

        <updated>2022-09-26T14:02:21+02:00</updated>





        <content>BUT réseaux et télécommunications (en cours) </content>
        <rdf:type rdf:resource="leap2:achievement"/>
        <mahara:artefactplugin mahara:type="pseudo:educationhistory" mahara:plugin="resume"/>
        <link rel="leap2:supported_by" href="portfolio:resumecomposite-86483-child-941"/>










    </entry>

    <entry>
        <title>Compétences personnelles</title>
        <id>portfolio:artefact87531</id>

        <updated>2022-09-26T15:03:38+02:00</updated>
        <published>2022-09-26T14:02:00+02:00</published>




        <content type="xhtml"><div xmlns="http://www.w3.org/1999/xhtml"><div><ul>
<li>
<p><span style="font-size:1rem;">Autonome</span></p>
</li>
<li>
<p><span style="font-size:1rem;">Positive</span></p>
</li>
<li><span style="font-size:1rem;">Polyvalente</span></li>
</ul></div></div></content>
        <rdf:type rdf:resource="leap2:ability"/>
        <mahara:artefactplugin mahara:type="personalskill" mahara:plugin="resume"/>
        <link rel="leap2:is_part_of" href="portfolio:view31122"/>
        <link rel="leap2:is_part_of" href="portfolio:view30782"/>






    </entry>


    <entry>
        <title>Objectifs académiques</title>
        <id>portfolio:artefact87533</id>

        <updated>2022-09-26T15:03:17+02:00</updated>
        <published>2022-09-26T14:02:56+02:00</published>




        <content type="xhtml"><div xmlns="http://www.w3.org/1999/xhtml"><div><p>Mon objectif académique est de réussir ma formation et d'intégrer plus tard une école d'ingénieur dans la cybersécurité</p></div></div></content>
        <rdf:type rdf:resource="leap2:entry"/>
        <mahara:artefactplugin mahara:type="academicgoal" mahara:plugin="resume"/>
        <link rel="leap2:is_part_of" href="portfolio:view31122"/>
        <link rel="leap2:is_part_of" href="portfolio:view30782"/>






    </entry>


    <entry>
        <title>Compétences professionnelles</title>
        <id>portfolio:artefact87534</id>

        <updated>2022-09-26T15:03:52+02:00</updated>
        <published>2022-09-26T14:02:00+02:00</published>




        <content type="xhtml"><div xmlns="http://www.w3.org/1999/xhtml"><div><ul>
<li>
<p>Pack office (WORD, EXCEL, POWERPOINT)</p>
</li>
<li>
<p>Html </p>
</li>
<li>
<p>Python</p>
</li>
</ul></div></div></content>
        <rdf:type rdf:resource="leap2:ability"/>
        <mahara:artefactplugin mahara:type="workskill" mahara:plugin="resume"/>
        <link rel="leap2:is_part_of" href="portfolio:view31122"/>
        <link rel="leap2:is_part_of" href="portfolio:view30782"/>






    </entry>


    <entry>
        <title>Objectifs de carrière</title>
        <id>portfolio:artefact87537</id>

        <updated>2022-09-26T15:03:00+02:00</updated>
        <published>2022-09-26T15:03:23+02:00</published>




        <content type="xhtml"><div xmlns="http://www.w3.org/1999/xhtml"><div><p>Mon objectif dans la vie, c'est de travailler et d'évoluer dans le domaine de la cybersécurité.</p></div></div></content>
        <rdf:type rdf:resource="leap2:entry"/>
        <mahara:artefactplugin mahara:type="careergoal" mahara:plugin="resume"/>
        <link rel="leap2:is_part_of" href="portfolio:view31122"/>
        <link rel="leap2:is_part_of" href="portfolio:view30782"/>






    </entry>


    <entry>
        <title>Centres d&#039;intérêt</title>
        <id>portfolio:artefact87540</id>

        <updated>2022-09-26T15:03:04+02:00</updated>
        <published>2022-09-26T15:03:04+02:00</published>




        <content type="xhtml"><div xmlns="http://www.w3.org/1999/xhtml"><div><p>Voyages (notamment en Malaisie, Kenya, Madagascar, Arabie Saoudite) </p>
<p>Aide au refuge pour animaux</p>
<p>Cuisine de plats exotiques</p>
<p>Nouvelles technologies</p>
<p> </p>
<p> </p></div></div></content>
        <rdf:type rdf:resource="leap2:entry"/>
        <mahara:artefactplugin mahara:type="interest" mahara:plugin="resume"/>
        <link rel="leap2:is_part_of" href="portfolio:view31122"/>
        <link rel="leap2:is_part_of" href="portfolio:view30782"/>






    </entry>


    <entry>
        <title>steam_neon_welcome_sign_by_flashplex_dbww4cr-fullview.jpg</title>
        <id>portfolio:artefact87544</id>

        <updated>2022-09-26T15:03:05+02:00</updated>
        <published>2022-09-26T15:03:05+02:00</published>




        <content type="xhtml"><div xmlns="http://www.w3.org/1999/xhtml"><div></div></div></content>
        <rdf:type rdf:resource="leap2:resource"/>
        <mahara:artefactplugin mahara:type="image" mahara:plugin="file"/>
        <link rel="enclosure" type="image/jpeg" href="export_info/files/87544-steam_neon_welcome_sign_by_flashplex_dbww4cr-fullview.jpg"/>
        <link rel="leap2:is_part_of" href="portfolio:view30782"/>


        <category term="Offline" scheme="categories:resource_type#" label="File"/>




    </entry>


    <entry>
        <title>steam_neon_welcome_sign_by_flashplex_dbww4cr-fullview.jpg.1</title>
        <id>portfolio:artefact87547</id>

        <updated>2022-09-26T15:03:50+02:00</updated>
        <published>2022-09-26T15:03:50+02:00</published>




        <content type="xhtml"><div xmlns="http://www.w3.org/1999/xhtml"><div></div></div></content>
        <rdf:type rdf:resource="leap2:resource"/>
        <mahara:artefactplugin mahara:type="image" mahara:plugin="file"/>
        <link rel="enclosure" type="image/jpeg" href="export_info/files/87547-steam_neon_welcome_sign_by_flashplex_dbww4cr-fullview.jpg.1"/>
        <link rel="leap2:is_part_of" href="portfolio:view31122"/>


        <category term="Offline" scheme="categories:resource_type#" label="File"/>




    </entry>


    <entry>
        <title>Capture.PNG</title>
        <id>portfolio:artefact87548</id>

        <updated>2022-09-26T15:03:33+02:00</updated>
        <published>2022-09-26T15:03:33+02:00</published>




        <content type="xhtml"><div xmlns="http://www.w3.org/1999/xhtml"><div></div></div></content>
        <rdf:type rdf:resource="leap2:resource"/>
        <mahara:artefactplugin mahara:type="image" mahara:plugin="file"/>
        <link rel="enclosure" type="image/png" href="export_info/files/87548-Capture.PNG"/>
        <link rel="leap2:is_part_of" href="portfolio:view30782"/>


        <category term="Offline" scheme="categories:resource_type#" label="File"/>




    </entry>


    <entry>
        <title>Shaista Shemir Abdallah</title>
        <id>portfolio:artefactinternal</id>

        <updated>2022-09-20T16:04:05+02:00</updated>





        <content></content>
        <rdf:type rdf:resource="leap2:person"/>
        <mahara:artefactplugin mahara:type="internal" mahara:plugin="internal"/>


        <category term="Self" scheme="categories:person_type#"/>






        <leap2:persondata
            mahara:artefactplugin="internal"
            mahara:artefacttype="email"

            leap2:field="email"

            leap2:label="Adresse de courriel"

        >shaista.shemir-abdallah@etu.u-pec.fr</leap2:persondata>

        <leap2:persondata
            mahara:artefactplugin="internal"
            mahara:artefacttype="firstname"

            leap2:field="legal_given_name"

            leap2:label="Prénom"

        >Shaista</leap2:persondata>

        <leap2:persondata
            mahara:artefactplugin="internal"
            mahara:artefacttype="lastname"

            leap2:field="legal_family_name"

            leap2:label="Nom"

        >SHEMIR ABDALLAH</leap2:persondata>

        <leap2:persondata
            mahara:artefactplugin="internal"
            mahara:artefacttype="preferredname"

            leap2:field="preferred_given_name"

            leap2:label="Nom préféré"

        >Shaista Shemir Abdallah</leap2:persondata>

        <leap2:persondata
            mahara:artefactplugin="internal"
            mahara:artefacttype="studentid"

            leap2:field="other"

            leap2:label="Identifiant étudiant"

        >u32204404</leap2:persondata>

        <leap2:persondata
            mahara:artefactplugin="resume"
            mahara:artefacttype="personalinformation/dateofbirth"

            leap2:field="dob"

            leap2:label="Date de naissance"

        >2004-05-21T00:12:00+02:00</leap2:persondata>

        <leap2:persondata
            mahara:artefactplugin="resume"
            mahara:artefacttype="personalinformation/placeofbirth"

            leap2:field="other" mahara:field="placeofbirth"

            leap2:label="Lieu de naissance"

        >Madagascar</leap2:persondata>

        <leap2:persondata
            mahara:artefactplugin="resume"
            mahara:artefacttype="personalinformation/citizenship"

            leap2:field="other" mahara:field="citizenship"

            leap2:label="Citoyenneté"

        >Comorienne</leap2:persondata>

        <leap2:persondata
            mahara:artefactplugin="resume"
            mahara:artefacttype="personalinformation/gender"

            leap2:field="gender"

            leap2:label="[[gender/artefact.resume]]"

        >2</leap2:persondata>

        <leap2:persondata
            mahara:artefactplugin="resume"
            mahara:artefacttype="personalinformation/maritalstatus"

            leap2:field="other" mahara:field="maritalstatus"

            leap2:label="Etat civil"

        >Féminin</leap2:persondata>


    </entry>

</feed>
